,index,object,part,id,url,image,name,tags,thumbnail,objective,IC,AccessMeta,note
,,,,4225872,https://www.thingiverse.com/thing:4225872,https://cdn.thingiverse.com/assets/4f/5f/32/ba/fd/featured_preview_IMG_5719.JPEG,"Hands-free door handle (Coronavirus prevention)",,,,14 handle__lever,actuation-operation,
,0,door,general,200571,https://www.thingiverse.com/thing:200571,https://cdn.thingiverse.com/renders/f2/7e/d3/18/81/Picture_4_small_preview_card.jpg,Optimized Nonlethal Door Stop Multitool,"door, doorstop, door stop, stop, stopper",,safety,door,constraint,
,,door,general,891278,https://www.thingiverse.com/thing:891278,https://cdn.thingiverse.com/renders/25/85/bd/64/a4/apart_preview_card.jpg,Door Catch,"door, door catch",,lock,door,constraint,
,,door,general,4734183,https://www.thingiverse.com/thing:4734183,https://cdn.thingiverse.com/assets/3b/43/f7/dd/df/card_preview_DoorHolder.jpg,Door Holder Clamp,"clamp, door, Door Clamp, door holder, holder",,lock,door,constraint,
,,door,knob:lever,4192643,https://www.thingiverse.com/thing:4192643,https://cdn.thingiverse.com/assets/68/e4/cf/49/d7/card_preview_Photo-2020-03-03-07-57-15_9752.JPG,"Savegrabber - open door without touching the handle, (dont forget to donate;-)) press knobs without touching - additional barrier for the coronavirus and other  germs","NoTouchChallenge, Corona, coronavirus, coronavirus defend, Covid, covid-19, COVID19, door, door handle, pandemic, SARS, SARS-CoV-2, secure, Touch, virus",,contact-free,14 handle__lever,constraint,
,,door,knob:round,1094505,https://www.thingiverse.com/thing:1094505,https://cdn.thingiverse.com/renders/68/94/7d/e7/dc/20151026_191242_HDR_preview_card.jpg,E Z Open Door Lever Adaptor,AssistiveTech,,motor,16 knob__rotate_round,actuation-operation,
,,door,knob:round,1095439,https://www.thingiverse.com/thing:1095439,https://cdn.thingiverse.com/renders/1d/1f/3a/cb/3e/20151027_112149_preview_card.jpg,Doorknob Levers,"AssistiveTech, doorknob, door handle",,motor,16 knob__rotate_round,actuation-operation,
,1,cupboard,general,28037,https://www.thingiverse.com/thing:28037,https://cdn.thingiverse.com/renders/2a/3b/bd/5d/4e/mylock_preview_card.jpg,Child safety lock for cabinet/cupboard,"baby, cabinet, cupboard, latch, Lock, Safety",,constraint,"cabinet, cupboard",constraint,
,,cupboard,"knob:round, knob:none",1228617,https://www.thingiverse.com/thing:1228617,https://cdn.thingiverse.com/renders/83/90/3b/61/0c/fdb37c1d7cf2f2f2ac1c850a80a12ed4_preview_card.jpg,Handle,"door, drawer, furniture",,motor,"door, drawer, cabinet",actuation-operation,
,,cupboard,knob,2320880,https://www.thingiverse.com/thing:2320880,https://cdn.thingiverse.com/renders/1a/5f/c2/b8/0a/3cd8926699ca33b35c4b212e764e1f9b_preview_card.jpg,Cupboard Door Lock - Baby proof,"babyproofing, childproof, child proofing, child safety",,constraint,17 knob__static,constraint,
,,cupboard,knob,2365101,https://www.thingiverse.com/thing:2365101,https://cdn.thingiverse.com/renders/74/67/3d/8d/34/89ba6c31a008c0b2c90bfe220d134755_preview_card.jpg,Cupboard safety child lock,"child lock, child safety, children safety, cupboard lock",,constraint,17 knob__static,constraint,
,,cupboard,"knob:round, knob:none",976006,https://www.thingiverse.com/thing:976006,https://cdn.thingiverse.com/renders/40/25/40/a5/e3/Hadles_preview_card.jpg,Kitchen/Bedroom Unit Handles,"cupboard, drawer, handle, kitchen, knob",,motor,"door, drawer, cabinet",actuation-operation,
,,cupboard,knob:none,36650,https://www.thingiverse.com/thing:36650,https://cdn.thingiverse.com/renders/ec/30/e2/26/61/IMG_1795_preview_card.jpg,Cupboard Knob,,,motor,17 knob__static,constraint,
,2,bottle,type:jar,3198907,https://www.thingiverse.com/thing:3198907,https://cdn.thingiverse.com/renders/de/d8/4a/bc/7a/808daa6ff9fed79084f3ac01d08b0826_preview_card.jpg,Jar Opener,,,motor,jar,actuation-operation,
,,bottle,type:jar,4877138,https://www.thingiverse.com/thing:4877138,https://cdn.thingiverse.com/assets/c2/67/7c/a3/43/card_preview_Screenshot_2021-06-03_175616.png,Jar opener - any size,"functional, jar, kitchen, kitchen tool, mason jar, opener, useful",,motor,jar,actuation-operation,
,,bottle,type:paper_pack,3303124,https://www.thingiverse.com/thing:3303124,https://cdn.thingiverse.com/assets/19/da/75/50/94/card_preview_IMG_2169.jpg,MIlkPackOpener,"assistive, assistive device, assistive technology, milk bottle, Milk carton, occupational therapy, self help devices",,motor,milk_pack,actuation-operation,
,,bottle,type:spray,2240803,https://www.thingiverse.com/thing:2240803,https://cdn.thingiverse.com/renders/62/10/2c/76/9e/d00d3b8e0eb0d4ded8df16f34d21fec8_preview_card.jpg,Deodorant Spray Can - Assistive Device,,,motor,bottle_spray,actuation-operation,
,,bottle,cap:metal,269463,https://www.thingiverse.com/thing:269463,https://cdn.thingiverse.com/renders/39/2c/d9/ae/5e/IMG_8993_preview_card.jpg,Smart One Handed Bottle Opener,"bottle, bottleopener, bottle opener, cool, gadget, grab, handed, kitchen, one, open, opener, tool",,motor,bottle_metal_cap,actuation-operation,
,,bottle,cap:metal,132632,https://www.thingiverse.com/thing:132632,https://cdn.thingiverse.com/renders/ba/3c/23/82/c1/DSC01148_preview_card.jpg,Bottle Opener (without metal),"accessory, beer, bottle, bottle-opener, kitchen, opener, tool, useful",,motor,bottle_metal_cap,actuation-operation,
,,bottle,cap:plastic,2801157,https://www.thingiverse.com/thing:2801157,https://cdn.thingiverse.com/renders/d9/de/2a/10/a9/2ffc3bc102fd64dacec38e0025c89143_preview_card.JPG,Bottle Opener,"3dprintable, 3dprinting, access, accessibility, Bottle cap, bottle opener, cap, disability, disabled, grip, handle, opener, water, water bottle",,motor,bottle_plastic,actuation-operation,
,,bottle,cap:plastic,3043598,https://www.thingiverse.com/thing:3043598,https://cdn.thingiverse.com/renders/28/c0/07/6d/2b/d294849094b7b97edbfba502f595698f_preview_card.JPG,Pop-top Can and Bottle Opener,"AssistiveTech, assistive device, assistive technology",,motor,can,actuation-operation,
,,bottle,cap:plastic,1632743,https://www.thingiverse.com/thing:1632743,https://cdn.thingiverse.com/renders/41/5b/9d/89/03/7fffb663120dd173020ed4b9bc223583_preview_card.jpg,Bottle Opener,"assistive, bottle opener",,motor,bottle_plastic,actuation-operation,
,,bottle,cap:plastic,4841019,https://www.thingiverse.com/thing:4841019,https://cdn.thingiverse.com/assets/e4/0c/52/61/c0/card_preview_Bottle_Cap_Aid_2021-Apr-26_11-56-17PM-000_CustomizedView39032471076.jpg,Bottle Cap Grip,"aid, assistive, assistive device, bottle, Bottle cap, cap, device, kitchen, kitchen tool, tool, tools",,motor,bottle_plastic,actuation-operation,
,,bottle,cap:plastic,3456941,https://www.thingiverse.com/thing:3456941,https://cdn.thingiverse.com/renders/ab/64/73/5e/ef/2dd8d282779995d347dfe0b036e828cd_preview_card.JPG,"OT student project : Bottle opener for ""snapclic"" cap / Ouvre bouteille pour bouchon ""snapclic""","AssistiveTech, assistive device, Bottle cap, cap, disabled, ergotherapie, occupational therapy",,motor,bottle_plastic,actuation-operation,
,,bottle,cap:plastic,711671,https://www.thingiverse.com/thing:711671,https://cdn.thingiverse.com/renders/b7/fc/1b/01/68/bottle_cap_wrench_design_giova-remix__Round_preview_card.jpg,Plastic Cap Wrench (giova remix) Rounded,"accessibility, assistive, Bottle cap, bottle opener, kitchen, Pet bottle, useful",,motor,bottle_plastic,actuation-operation,
,,bottle,cap:dispenser,4223780,https://www.thingiverse.com/thing:4223780,https://cdn.thingiverse.com/assets/2a/24/a1/7f/62/card_preview_90085844_211047486634488_3888945027983867904_n.jpg,Liquid soap/hand sanitizer dispenser for single hand/forearm use.,"arthritis, assistive aid, AssistiveTech, assistive device, bathroom, coronavirus, Covid, covid-19, COVID19, easy print, functional, hand sanitiser, hand sanitizer, hand wash, handwash, Handwashing, hygiene, hypercube, kitchen, lever, liquid soap, no supports, one hand, open source, opensource, pump, pump action, pump bottle, soap, soap pump, wash your hands",,motor,bottle_pump,actuation-operation,
,,bottle,general,1097099,https://www.thingiverse.com/thing:1097099,https://cdn.thingiverse.com/renders/76/97/86/20/4a/Thingiverse_Cover_preview_card.jpg,UBO - The Universal Bottle Opener (v1),"AssistiveTech, bottle, bottleopener, bottle opener, cap, household, kitchen, opener, steam, TVY, universal",,motor,"bottle_plasiic, can",actuation-operation,
,,bottle,general,3581044,https://www.thingiverse.com/thing:3581044,https://cdn.thingiverse.com/renders/ee/f6/f3/ef/b4/84a9341e994e71ff082cdea3415ce54f_preview_card.jpg,INNER PULL TOP OPENER,"assistive, AssistiveTech, assistive device, assistive technology, disability, disabled",,motor,bottle_pull_top,actuation-operation,"visual feature is unclear, so it goes under general"
,,bottle,general,2707972,https://www.thingiverse.com/thing:2707972,https://cdn.thingiverse.com/renders/28/37/d5/e6/41/c7937ab9e6d513e25b416bd9a4910604_preview_card.jpg,[K] Support de bouteille (Bottle support),"access, accessibility, aid, AssistiveTech, assistive device, assistive technology, bottle, bottle holder, disability, disabled, ergotherapie, handicap, helpful, holder, medical, medical devices, occupational therapy, support",,motor,bottle_plastic,constraint,
,,bottle,general,2849877,https://www.thingiverse.com/thing:2849877,https://cdn.thingiverse.com/renders/ff/8c/51/75/ee/e2181ef64ef69ae511ca7036d972c1b5_preview_card.JPG,[K] Support de paille (Straw holder),"access, accessibility, aid, AssistiveTech, assistive device, assistive technology, bottle, disability, disabled, drink, handicap, helpful, holder, medical, medical devices, occupational therapy, straw, Straw Holder, support",,motor,bottle_plastic,actuation-reach,
,3,can,general,2457756,https://www.thingiverse.com/thing:2457756,https://cdn.thingiverse.com/renders/09/b5/ad/75/ec/f625a0110b8321df9bc6a4fd99698e74_preview_card.jpg,Nintendo Switch Joy Con Drink Holder,"beer holder, Coozie, drink holder, Joy-Con, Joycon, joycon grip, nintendo, nintendo switch",,motor,can,actuation-operation,
,,can,general,5195705,https://www.thingiverse.com/thing:5195705,https://cdn.thingiverse.com/assets/4a/86/b2/46/e9/card_preview_Can_Holder_III.jpg,Can Holder,"aid, AssistiveTech, assistive device, assistive technology, kitchen, occupational, occupational therapy, ocupacional, terapia, terapia ocupacional, therapy",,motor,can,actuation-operation,
,,can,general,4081042,https://www.thingiverse.com/thing:4081042,https://cdn.thingiverse.com/assets/ca/a0/30/b2/12/card_preview_IMG_2909.JPG,Pull-Tab CAN Opener,"AssistiveTech, assistive device, assistive technology, beer opener, bottle opener, opener, Pulltabs",,motor,can,actuation-operation,
,,can,general,1097099,https://www.thingiverse.com/thing:1097099,https://cdn.thingiverse.com/renders/76/97/86/20/4a/Thingiverse_Cover_preview_card.jpg,UBO - The Universal Bottle Opener (v1),"AssistiveTech, bottle, bottleopener, bottle opener, cap, household, kitchen, opener, steam, TVY, universal",,motor,,,
,,can,general,1074847,https://www.thingiverse.com/thing:1074847,https://cdn.thingiverse.com/renders/0c/c9/f8/9a/2b/IMG_20151015_205258298_preview_card.jpg,Pluck,"assistive, AssistiveTech, ring",,motor,can,actuation-operation,
,,can,general,3043598,https://www.thingiverse.com/thing:3043598,https://cdn.thingiverse.com/renders/28/c0/07/6d/2b/d294849094b7b97edbfba502f595698f_preview_card.JPG,Pop-top Can and Bottle Opener,"AssistiveTech, assistive device, assistive technology",,motor,,,
,,can,general,4056925,https://www.thingiverse.com/thing:4056925,https://cdn.thingiverse.com/assets/83/36/0e/58/66/card_preview_A.JPG,Suitable can opener 01 / Ouvre boite adapté 01,"access, accessibility, aid, aide technique, ALTYGO, ALTYLAB, assistive, AssistiveTech, disability, disabled, ergonomic, ergonomique, ergotherapie, handicap, Helper, hmiplgique, rehabilitation, RehabLab, repas",,motor,can,actuation-operation,
,,can,general,4835690,https://www.thingiverse.com/thing:4835690,https://cdn.thingiverse.com/assets/9c/d9/5e/8f/79/card_preview_dde2cac0-d25d-4cca-b6e7-8fe2aeb839b3.JPEG,Easy Can Opener Extension - Assistive Device,"aid, assistive, assistive device, can, can opener, hand, hand tools, kitchen, kitchen tool, kitchen tools, opener, tool, tools",,motor,can,actuation-operation,
,,can,general,2960194,https://www.thingiverse.com/thing:2960194,https://cdn.thingiverse.com/renders/7a/e6/11/6e/c0/abf89f6b7ca72cc7fd4e6162c6110094_preview_card.jpg,Pull top opener,"assistive, assistive device, FablabShinagawa, fabOT, ictrehab",,motor,can,actuation-operation,
,,can,general,1104936,https://www.thingiverse.com/thing:1104936,https://cdn.thingiverse.com/renders/b1/c7/a9/6e/81/IMG_2863_preview_card.JPG,Pop Can Opener | Designed for People with Prosthetics or Severe Arthritis,"arthritis, AssistiveTech, can opener, pop, prosthetics, Prosthetics Tools, soda, tools",,motor,can,actuation-operation,
,,can,type:canned_food,4080120,https://www.thingiverse.com/thing:4080120,https://cdn.thingiverse.com/assets/24/fa/b0/01/e3/card_preview_P%C3%A2t%C3%A9.JPG,Suitable travel can opener / Ouvre boite adapté de voyage,"access, accessibility, aide technique, ALTYGO, ALTYLAB, assistive, AssistiveTech, can pull, device, disability, disabled, ergonomic, ergonomique, ergotherapie, ergothrapie, handicap, handicape, hemiplegia, hemiplegique, occupational therapy, RehabLab, repas",,motor,can,actuation-operation,
more designs: https://www.thingiverse.com/thing:28067,4,cup,handle:none,310961,https://www.thingiverse.com/thing:310961,https://cdn.thingiverse.com/renders/ee/19/0b/85/2f/d__1_sur_1__preview_card.jpg,Second Life Mug,"cup, drink, fabshop, glass, handle, Jam, jar, kitchen, mug, pot, samuel bernier, upcycling, upcylcing",,motor,cup_no_handle,actuation-operation,
,,cup,handle:none,2849803,https://www.thingiverse.com/thing:2849803,https://cdn.thingiverse.com/renders/7f/9e/8e/34/1e/766fcfe23d6262d856a9946271eda6bc_preview_card.jpg,[K] Support de verre (Glass holder),"access, accessibility, aid, AssistiveTech, assistive device, assistive technology, cup, cup holder, disability, disabled, drink, ergotherapie, glass, glasses, glass holder, handicap, helpful, holder, medical, medical devices, occupational therapy, support",,motor,cup_no_handle,actuation-operation,
,,cup,handle:none,4268140,https://www.thingiverse.com/thing:4268140,https://cdn.thingiverse.com/assets/16/ff/9a/ab/f0/card_preview__MG_2241.jpg,cupHolder_remix,assistive,,motor,cup_no_handle,actuation-operation,
,,cup,handle:none,1055594,https://www.thingiverse.com/thing:1055594,https://cdn.thingiverse.com/renders/7e/ca/67/15/f8/IMG_1022_preview_card.JPG,Hand Assist Cup Holder - Tapered Variant,"AssistiveTech, cup holder, hand assist, Mug holder, osteoporosis",,motor,cup_no_handle,actuation-operation,
,,cup,general,1102780,https://www.thingiverse.com/thing:1102780,https://cdn.thingiverse.com/renders/6a/69/43/a2/eb/suporte_copo_preview_card.jpg,Cupholder for people without wrist rotation,AssistiveTech,,motor,cup_no_handle,actuation-operation,
,,cup,general,3087098,https://www.thingiverse.com/thing:3087098,https://cdn.thingiverse.com/renders/07/cc/21/4a/f0/317673b77a540feaf6d203bd26a37efd_preview_card.JPG,Customizable Straw Holder,"assistive, AssistiveTech, assistive device, assistive technology",,motor,,,
,,cup,general,3022034,https://www.thingiverse.com/thing:3022034,https://cdn.thingiverse.com/renders/2a/cf/69/20/3e/f2a852df86282495e84000d3736ef4c9_preview_card.jpg,Support de tasse / Cup holder,"aid, AssistiveTech, assistive device, assistive technology, cup, cup holder, disability, disabled, handicap, Helper, helpful, holder, medical, medical devices, mug, support",,motor,cup_no_handle,actuation-operation,
,5,bowl,general,2968238,https://www.thingiverse.com/thing:2968238,https://cdn.thingiverse.com/renders/c1/4d/82/91/a1/66fa4d9467a29ee1fad23278ca1796a4_preview_card.jpg,[Y] support de bol (bowl holder),"aide technique, AssistiveTech, bowl, bowl holder, disability, ergotherapie, handicap, helpful, holder, medical, occupationnal therapy",,motor,bowl,actuation-operation,
,6,chopsticks,general,1024981,https://www.thingiverse.com/thing:1024981,https://cdn.thingiverse.com/renders/f2/d1/5e/c5/ae/chaet_sticks_preview_card.jpg,Cheat Sticks' - The easy way to keep your Chop Sticks under control!,"Asian, Chinese, chopstick, chopsticks, Chop stick, chop sticks, clever, cooking, dining, easy, easy to use, eat, eating, entertain, entertaining, fast food, food, handy, Helper, hospitality, household, inner, Japanese, kitchen, party, simple, smartphone, solution, solutions, sushi, take-out, takeaway, takeout, unique, utensil",,motor,chopsticks,actuation-operation,
,7,light switch,switch:lever,4924800,https://www.thingiverse.com/thing:4924800,https://cdn.thingiverse.com/assets/b0/b0/28/74/d4/card_preview_Switchplate-Icon-Thingiverse-04.jpg,Switchplate Identifiers,"identifier, label, light, switch, switchplate, tag",,cue,20 switch__toggle_multi,"indication-visual, indication-tactile",
,,light switch,switch:lever,134995,https://www.thingiverse.com/thing:134995,https://cdn.thingiverse.com/renders/18/1e/f1/1f/f6/IMG_20130816_190229_preview_card.jpg,Light switch guard,"guard, light switch, switch",,constraint,"20 switch__toggle_multi, 21 switch__toggle_single",constraint,
,,light switch,switch:lever,3783279,https://www.thingiverse.com/thing:3783279,https://cdn.thingiverse.com/renders/3a/db/27/ef/05/5e674b5a2103b72c928d9f2191c65f8b_preview_card.JPG,Steampunk Light Switch,"gear switch, light switch, lightswitch, steampunk, steampunk gear, steampunk switch, switch",,constraint,21 switch__toggle_single,actuation-operation,
,,light switch,switch:lever,1904518,https://www.thingiverse.com/thing:1904518,https://cdn.thingiverse.com/renders/b9/2e/79/9e/5c/6dd01b94439fb480291d44d8b68a7ed9_preview_card.jpg,Minecraft Lever Light switch Cover,"lever, lightswitch, lightswitch cover, Minecraft",,motor,21 switch__toggle_single,actuation-operation,
,,light switch,switch:lever,649284,https://www.thingiverse.com/thing:649284,https://cdn.thingiverse.com/renders/66/a7/36/f5/56/switchplate2_preview_card.jpg,Frankenstein Light Switch Plate,"Frankenstein, halloween, light switch, mad scientist, wall plate",,motor,21 switch__toggle_single,actuation-operation,
,,light switch,switch:lever,5143727,https://www.thingiverse.com/thing:5143727,https://cdn.thingiverse.com/assets/3b/46/ba/52/41/card_preview_gears_switch_2.jpg,The Gear Switch,"engineer, engineering, fun, Gear, gears, light switch, Light Switch Cover, mechanical, mechanical toy, Mechanical Toys, moving, moving parts",,motor,"20 switch__toggle_multi, 21 switch__toggle_single",actuation-operation,
,,light switch,switch:lever,658859,https://www.thingiverse.com/thing:658859,https://cdn.thingiverse.com/renders/c9/59/97/86/77/photo_preview_card.jpg,Light Switch Extender for Young Kids - Mario Star,,,motor,"20 switch__toggle_multi, 21 switch__toggle_single",actuation-reach,
,,light switch,switch:lever,653451,https://www.thingiverse.com/thing:653451,https://cdn.thingiverse.com/renders/f7/57/47/3e/5b/IMAG0036_preview_card.jpg,Killing the lights,"extra nerf things, lightswitch, nerf, Target",,motor,"20 switch__toggle_multi, 21 switch__toggle_single",actuation-operation,
,,light switch,switch:lever,1805790,https://www.thingiverse.com/thing:1805790,https://cdn.thingiverse.com/renders/a9/ee/7f/68/f9/071b74d7afe4659015a47392445bafb5_preview_card.jpg,Child's Light Switch Helper,"Child Light, gadgets, Helper, light, switch, switchplate",,motor,21 switch__toggle_single,actuation-reach,
,,light switch,switch:lever,1215328,https://www.thingiverse.com/thing:1215328,https://cdn.thingiverse.com/renders/30/68/fe/78/d0/image_preview_card.jpeg,Decora light switch extension,"accessibility, light switch",,motor,"20 switch__toggle_multi, 21 switch__toggle_single",actuation-operation,not belong to first 50 entries
,,light switch,switch:lever,4928263,https://www.thingiverse.com/thing:4928263,https://cdn.thingiverse.com/assets/df/24/46/08/a1/card_preview_20210809_103117.jpg,FDM Friendly Switch Cover,switch,,constraint,"20 switch__toggle_multi, 21 switch__toggle_single",constraint,not belong to first 50 entries
,,light switch,switch:lever,5222995,https://www.thingiverse.com/thing:5222995,https://cdn.thingiverse.com/assets/0a/2c/5e/41/da/card_preview_Switch_Guard_Front_Up.png,Missile Light Switch Cover,"Light Switch Cover, light switch guard, switch cover, switch guard",,constraint,"20 switch__toggle_multi, 21 switch__toggle_single",constraint,
,,light switch,switch:lever,2274280,https://www.thingiverse.com/thing:2274280,https://cdn.thingiverse.com/renders/9e/69/18/9a/58/f1d3be926eb03fb49e24db162c6148d6_preview_card.jpg,Light Switch Guard,,,constraint,"20 switch__toggle_multi, 21 switch__toggle_single",constraint,
,,light switch,switch:lever,69806,https://www.thingiverse.com/thing:69806,https://cdn.thingiverse.com/renders/56/04/dc/fd/af/IMG_20130404_162639_preview_card.jpg,Light Switch Lock,"light switch, Lock",,constraint,"20 switch__toggle_multi, 21 switch__toggle_single",constraint,
,,light switch,switch:button,3061443,https://www.thingiverse.com/thing:3061443,https://cdn.thingiverse.com/renders/4e/8b/97/c2/ff/99b7794556830e35f25d1f8162744f8f_preview_card.jpg,Light Switch Lock,"decora, light, light switch, Light Switch Cover, light switch guard, light switch lock, Light Switch Plate",,constraint,19 switch__rocker_single,constraint,not belong to first 50 entries
,,light switch,switch:button,2385820,https://www.thingiverse.com/thing:2385820,https://cdn.thingiverse.com/renders/0f/dd/22/a8/2c/44ac539a2a1a514127ffcf7df6bf07f2_preview_card.jpg,Light Switch Guard,decora light switch,,constraint,"19 switch__rocker_single, 18 switch__rocker_multi",constraint,not belong to first 50 entries
,,light switch,switch:button,4944728,https://www.thingiverse.com/thing:4944728,https://cdn.thingiverse.com/assets/80/fc/c4/42/f5/card_preview_opencover.jpg,Light Switch Cover Plate,"cover, home automation, light switch, Light Switch Cover",,constraint,"19 switch__rocker_single, 18 switch__rocker_multi",constraint,not belong to first 50 entries
,,light switch,swiltch:button,2905340,https://www.thingiverse.com/thing:2905340,,,,,fuction,,,not belong to first 50 entries
,,light switch,swiltch:button,2948880,https://www.thingiverse.com/thing:2948880,https://cdn.thingiverse.com/renders/70/01/36/e1/dd/ab91246da1ac547366ad64a3d87cc430_preview_card.jpg,Two-Gang Light Switch Plate for Philips Hue Remote,,,fuction,,,not belong to first 50 entries
,,light switch,swiltch:button,2385820,https://www.thingiverse.com/thing:2385820,,Light Switch Guard,,,constraint,,,
,,light switch,general,3182329,https://www.thingiverse.com/thing:3182329,https://cdn.thingiverse.com/renders/c9/21/27/00/81/f351b8978af962954173d4e65af0baa3_preview_card.jpg,Harry Potter Lumos Rocker Light Switch Cover Plate,,,cue,,,not belong to first 50 entries
,8,electrilcal outlet,general,272419,https://www.thingiverse.com/thing:272419,https://cdn.thingiverse.com/renders/6e/fc/68/8a/86/DSC_0125_preview_card.jpg,Better Child Protection Outlet Cover,"baby, baby proofing, child, child proof, child proofing, Safety",,safety,3 electric_outlet__electric_outlet,constraint,
,,electrilcal outlet,general,2987347,https://www.thingiverse.com/thing:2987347,https://cdn.thingiverse.com/renders/09/92/83/d5/d2/2200cea6af3b92a33ced92e8aa83b8e9_preview_card.JPG,German Power Outlet Dust Cover,"dust cover, power, power outlet, Schuko",,safety,3 electric_outlet__electric_outlet,constraint,not belong to first 50 entries
,,electrilcal outlet,general,2719252,https://www.thingiverse.com/thing:2719252,https://cdn.thingiverse.com/renders/f6/79/aa/38/de/9b437a7d7cc48ee1df736a372e866c27_preview_card.jpg,Safety Outlet Cover,"kids safety, outlet cover, Safety",,safety,3 electric_outlet__electric_outlet,constraint,not belong to first 50 entries
,,electrilcal outlet,general,4658970,https://www.thingiverse.com/thing:4658970,https://cdn.thingiverse.com/assets/ac/f5/12/fd/db/card_preview_SchukoCover.jpg,Dust Cover for Schuko Power Outlet,"childproof, dust, dust cover, Eurostecker, outlet cover, power outlet, Schuko, schuko type F, wall outlet",,safety,3 electric_outlet__electric_outlet,constraint,not belong to first 50 entries
,,electrilcal outlet,general,4088052,https://www.thingiverse.com/thing:4088052,https://cdn.thingiverse.com/assets/35/d1/5b/99/81/card_preview_P1290085_cropped.JPG,Robust Power Strip Mount,"cable tie, eu plug, extension cord, extension cord holder, ikea, ikea koppla, mounting bracket, Power Cord, power strip, Power Strip Bracket, power strip clamp, Power Strip Holder, Power Strip Mount, Power Strip Workbench, robust, rugged, wall mount, workshop",,motor,3 electric_outlet__electric_outlet,constraint,not belong to first 50 entries
,,electrilcal outlet,general,5444424,https://www.thingiverse.com/thing:5444424,https://cdn.thingiverse.com/assets/db/c9/36/a1/68/card_preview_ac_outlet.jpeg,AC Outlet wall/roof holder (European),"AC Outlet, electrical outlet, holder, outlet",,motor,3 electric_outlet__electric_outlet,constraint,not belong to first 50 entries
,9,bag,type:plastic,26767,https://www.thingiverse.com/thing:26767,https://cdn.thingiverse.com/renders/e4/97/5d/e4/be/small_preview_card.jpg,Bag Holder - Shopping Handle,"3D, bag, bag carrier, carry, dining, groceries, handle, Helper, holder, house, household, kitchen, makerbot, shop, supermarket, tote",,motor,bag,actuation-operation,
,,bag,type:plastic,597043,https://www.thingiverse.com/thing:597043,https://cdn.thingiverse.com/renders/7b/2c/5a/eb/e6/IMGP0625_preview_card.jpg,Shopping Bag Handle,"bag, groceries, handle, shopping",,motor,bag,actuation-operation,
,,bag,type:backpack,1103082,https://www.thingiverse.com/thing:1103082,https://cdn.thingiverse.com/renders/ef/fa/1a/ff/96/IMG_4365_preview_card.JPG,Easy Zipper for Assistive Technology Challenge,"assistive, AssistiveTech, assistive technology, challenge, customizer, disable, disabled, easy, zypper",,motor,zipper,actuation-operation,
,,bag,general,3057298,https://www.thingiverse.com/thing:3057298,https://cdn.thingiverse.com/renders/21/c1/62/17/be/c7050f90df70433f3d04c62ec8875a24_preview_card.jpg,Assistive Technology - Bag Holder,"ALS, AssistiveTech, assistive device, assistive technology, bag carrier, bag holder, carrying, carrying bag, carrying aid, disabilities, disability, Disability aid, disabled, every day carry, wristcarrier, wrist rest",,motor,bag,actuation-operation,
,10,smartphone,general,4614448,https://www.thingiverse.com/thing:4614448,https://cdn.thingiverse.com/assets/9c/94/be/81/c8/card_preview_IMG_20201008_215807.jpg,LiftPod - Multipurpose Foldable Stand,"camera, camera mount, fullcolorplastic, GoPro, iPad, iPad Stand, nintendo switch, phone, Phone Stand, switch",,motor,"smartphone, tablet",constraint,
,,smartphone,general,2120591,https://www.thingiverse.com/thing:2120591,https://cdn.thingiverse.com/renders/61/38/67/0b/f5/4e4b56b01a52f99f1475d9cdcaf53120_preview_card.jpg,Phone Stand,"desk, dock, iphone, iphone 6, iPhone stand, office, phone, phone dock, Phone Stand, smartphone, smartphone stand, stand",,motor,"smartphone, tablet",constraint,
,,smartphone,general,2448971,https://www.thingiverse.com/thing:2448971,https://cdn.thingiverse.com/renders/07/54/ae/94/46/a566bce5257862b931e23823f9ca743e_preview_card.jpg,"Articulating, Wall-Mounted, Magnetic Phone Mount","articulating, magnet, magnetic, mount, phone, stand",,motor,"smartphone, tablet",constraint,
,,smartphone,general,1165406,https://www.thingiverse.com/thing:1165406,https://cdn.thingiverse.com/renders/2d/4d/43/eb/30/IMGP2640_preview_card.jpg,Mini Tripods,"ballhead, tripod",,motor,,,
,,smartphone,general,1319883,https://www.thingiverse.com/thing:1319883,https://cdn.thingiverse.com/renders/c0/9e/e3/46/92/d27359eb000a9aa335d8251487a6e3cc_preview_card.jpg,Ball Stylus Rev 4,"accessibility, adapted device, android, assisitive technology, AssistiveTech, assistive device, customizer, disability, disabled, iOS, iPad, iphone, rehabilitation, tablet, Touchscreen, typing aid",,motor,"smartphone, tablet",actuation-operation,
,,smartphone,general,3294279,https://www.thingiverse.com/thing:3294279,https://cdn.thingiverse.com/renders/a5/0f/3b/af/73/082031d10096d782d76d72b693d9f85c_preview_card.JPG,[K] Anse pour téléphone portable / Phone ring,"aid, assistive device, assistive technology, assitivetech, cellphone, cellular, cell phone, disability, disabled, handicap, Helper, helpful, holder, medical, phone, ring",,motor,"smartphone, tablet",actuation-operation,
,11,keyboard,general,4074766,https://www.thingiverse.com/thing:4074766,https://cdn.thingiverse.com/assets/89/78/96/d3/11/card_preview_2019-08-27_10.02.32.jpg,Keyguard for Lenovo Trackpoint Keyboard KU-1255,"assistive, AssistiveTech",,motor,"laptop, keyboard",indication-tactile,
,,keyboard,general,3186386,https://www.thingiverse.com/thing:3186386,https://cdn.thingiverse.com/renders/cd/45/c6/e5/8b/6b8ce67781af9a4ad500f93439dd68da_preview_card.jpg,"11"" HP Chromebook Keyguard","AssistiveTech, assistive device, assistive technology, occupational therapy",,motor,"laptop, keyboard",indication-tactile,
,,keyboard,general,3619148,https://www.thingiverse.com/thing:3619148,https://cdn.thingiverse.com/renders/65/8f/a0/27/18/086af41b71aac93f8103ea3799010702_preview_card.jpg,Carcasa para Mac Book Pro (Mac Book Pro Keyguard),"AssistiveTech, assistive device, assistive technology, keyguard, occupational therapy",,motor,"laptop, keyboard",indication-tactile,
,12,toaster,general,932075,https://www.thingiverse.com/thing:932075,https://cdn.thingiverse.com/renders/1f/10/fb/e3/60/extractor_preview_card.jpg,Toast Extractor... the safe and easy way to remove toast from a toaster,"bread, breakfast, brucn, brunch, clever, cooking, culinary, design, designer, easy, extract, extractor, food, kitchen, kitchen tool, Kitchen Utensils, money, moving parts, novelty, safe, Safety, save, simple, snack, toast, tongs, tool, tools, unique, utensil",,safety,toaster,actuation-operation,
,13,pen,general,1748254,https://www.thingiverse.com/thing:1748254,https://cdn.thingiverse.com/renders/46/a7/f5/86/bd/f3ccdd27d2000e3f9255a7e3e2c48800_preview_card.jpg,Ring Writer/Painter etc... Clip Assistant Device,,,motor,"pen, brush, pencil",actuation-operation,
,,pen,general,2353621,https://www.thingiverse.com/thing:2353621,https://cdn.thingiverse.com/renders/eb/1c/51/3a/c5/abd4345c12f3da58524132b83ed5939f_preview_card.jpg,OT student project : pen holder helper / support de stylo guide doigts,"AssistiveTech, assistive technology, disabled, ergotherapie, occupational therapy, pen holder",,motor,"pen, brush, pencil",actuation-operation,
,,pen,general,663865,https://www.thingiverse.com/thing:663865,https://cdn.thingiverse.com/renders/c9/8d/b5/94/cb/guidedoigt_preview_card.jpg,Finger guide for pen / Guide doigts crayon,"accessibility, AssistiveTech, assistive device, assistive device for elderly or disabled, disability, ergothrapie, ergotherapie, handicap, occupational therapy, pen, Writing",,motor,"pen, brush, pencil",actuation-operation,
,,pen,general,1104573,https://www.thingiverse.com/thing:1104573,https://cdn.thingiverse.com/renders/03/c4/a3/82/37/DSC_2757_p_preview_card.jpg,Hook,"AssistiveTech, hook, prothesis, prothetic, wristband",,motor,"pen, brush, pencil",actuation-operation,
,,pen,general,2926643,https://www.thingiverse.com/thing:2926643,https://cdn.thingiverse.com/renders/c8/fc/d5/e1/cc/0c856870efe6d3a9bbed3b1c70f6dff8_preview_card.jpg,Drawing Device,"assistive, assistive device, cerebral palsy, drawing tool, hand tools, medical, medical devices, Prosthetic hand, Writing Aid, writing tool",,motor,"pen, brush, pencil",actuation-operation,
,,pen,general,2801185,https://www.thingiverse.com/thing:2801185,https://cdn.thingiverse.com/renders/10/ce/07/8c/a7/5c9f99cd02209ef0e938bf2eedbd4cdc_preview_card.jpg,Clicking Measuring Wheel (Inch),"3dprintable, 3dprinting, access, accessibility, audio, blind, blindness, braille, Children, click, counting, hand, learning, low vision, measuring, modular, pen holder, ruler, School, wheel ruler",,motor,"pen, brush, pencil",actuation-operation,
,,pen,general,2782274,https://www.thingiverse.com/thing:2782274,https://cdn.thingiverse.com/renders/b1/e3/de/9a/82/8d72b134cad78ef6dc5de9f39e0d122a_preview_card.jpeg,PipClip assistive draw,assistive device,,motor,"pen, brush, pencil",actuation-operation,
,,pen,general,2257846,https://www.thingiverse.com/thing:2257846,https://cdn.thingiverse.com/assets/94/5b/60/4f/75/2017-03-24_15.24.21.jpg,Pen to palm adapter,"aid, AssistiveTech, assistive technology, disability, hand tools, occupational therapy, Orthotics, pen, pencil, pencil holder, pen holder, write",,motor,"pen, brush, pencil",actuation-operation,
,,pen,general,1615967,https://www.thingiverse.com/thing:1615967,https://cdn.thingiverse.com/renders/4e/b4/5d/a5/1b/513d771d1cf134b6d5752ea062f710e6_preview_card.jpg,AT Pen Holder,"assistive, AssistiveTech, assistive device, assistive technology",,motor,"pen, brush, pencil",actuation-operation,
,,pen,general,2228287,https://www.thingiverse.com/thing:2228287,https://cdn.thingiverse.com/renders/bb/92/6a/fe/8e/bf8a0b25c78a05a911c7429fe276fc30_preview_card.jpg,[K] Aide maintien crayon (Pen holder),"access, accessibility, aid, AssistiveTech, assistive device, assistive technology, child, Children, crayon, disability, disabled, draw, drawer, drawing, ergotherapie, handicap, helpful, holder, medical, medical devices, occupational therapy, pen, pencil, pencil holder, pen holder, support",,motor,"pen, brush, pencil",actuation-operation,
,,pen,general,2936984,https://www.thingiverse.com/thing:2936984,https://cdn.thingiverse.com/renders/53/28/39/de/3c/33f9a18ddb9c35d9f5cd331bb7bfff0b_preview_card.JPG,Flexible Pen Holder,"assistive, assistive device, FablabShinagawa, fabOT, ictrehab, penholder",,motor,"pen, brush, pencil",actuation-operation,
,,pen,general,3236846,https://www.thingiverse.com/thing:3236846,https://cdn.thingiverse.com/renders/38/01/70/3a/1b/af265eae395f2b000ee4f01f67eae333_preview_card.JPG,3D Printed Pen/Marker Holder,"assistive, AssistiveTech, assistive device, assistive technology, cerebral palsy, holder, marker, pen",,motor,"pen, brush, pencil",actuation-operation,
,,pen,general,4873185,https://www.thingiverse.com/thing:4873185,https://cdn.thingiverse.com/assets/e3/ab/0d/c7/74/card_preview_IMG_20210603_210358_compress54.jpg,Pen holder adaptation,"accessibility, assistive, disability, pen, pen holder, Writing",,motor,"pen, brush, pencil",actuation-operation,
,,pen,general,255326,https://www.thingiverse.com/thing:255326,https://cdn.thingiverse.com/renders/c7/9a/e2/64/67/bubble_grip_detail_preview_card.jpg,Bubble Pencil Grip,"AssistiveTech, ergonomics, grip, pencil",,motor,"pen, brush, pencil",actuation-operation,
,14,cutlery,general,686084,https://www.thingiverse.com/thing:686084,https://cdn.thingiverse.com/renders/35/67/57/71/de/manche_grossi02_preview_card.jpg,Universal hand grip for cutlery / Manche à couvert universel,"accessibility, AssistiveTech, assistive device, assistive device for elderly or disabled, disabled, ergotherapie, ergothrapie, fork utensil eating kitchen, handicap, handler, occupational therapy",,motor,"fork, spoon, knife",actuation-operation,
,,cutlery,general,3903972,https://www.thingiverse.com/thing:3903972,https://cdn.thingiverse.com/assets/bd/f4/00/83/fb/card_preview_IMG_2596.JPG,Palmar cutlery clamp/Pinza palmar para cubiertos,"Accesibilidad, accessibility, ayudas tcnicas, ceapat, clamp, comida, cutlery, Fisioterapia, food, Imserso, occupational therapy, terapia ocupacional",,motor,"fork, spoon, knife",actuation-operation,
,,cutlery,general,3555524,https://www.thingiverse.com/thing:3555524,https://cdn.thingiverse.com/renders/3d/97/5e/9c/5b/574e4bc62d667343f400183c9ca55e99_preview_card.jpg,Universal Spoon Holder,fabOT,,motor,"fork, spoon, knife",actuation-operation,
,,cutlery,general,1971795,https://www.thingiverse.com/thing:1971795,https://cdn.thingiverse.com/renders/7d/e1/a0/77/61/9296576938238e5b3099ca4f06bb0d6e_preview_card.JPG,Enlarged handle with hilt / Manche grossi avec garde,"assistive device, disabled, ergotherapie, kitchen, occupational therapy",,motor,"fork, spoon, knife",actuation-operation,
,,cutlery,general,3357957,https://www.thingiverse.com/thing:3357957,https://cdn.thingiverse.com/renders/9e/5b/2d/34/8c/d591e7ce0bd1edbffcf3fd2ad327d314_preview_card.jpg,Assistive Spoon,,,motor,"fork, spoon, knife",actuation-operation,
,,cutlery,general,2960070,https://www.thingiverse.com/thing:2960070,https://cdn.thingiverse.com/renders/ee/e6/35/ae/59/ad8970037f66fd60aed103344cca945d_preview_card.jpg,Spoon holder,"assistive, assistive device, FablabShinagawa, fabOT, ictrehab",,motor,"fork, spoon, knife",actuation-operation,
,,cutlery,general,4574423,https://www.thingiverse.com/thing:4574423,https://cdn.thingiverse.com/assets/28/8a/c9/31/03/card_preview_Utensil_holder_1.jpg,Utensil Holder,"3dprintable, 3dprinting, accessibility, AssistiveTech, assistive device, dining, disability, eating",,motor,"fork, spoon, knife",actuation-operation,
,,cutlery,general,1816581,https://www.thingiverse.com/thing:1816581,https://cdn.thingiverse.com/renders/cd/12/4a/2d/28/6f74dbd5a7546d6cbd4b78bf53c6542a_preview_card.jpg,Andrew Fork,"Assistive devuce, e-nable, fork, fork handle",,motor,"fork, spoon, knife",actuation-operation,
,,cutlery,general,49936,https://www.thingiverse.com/thing:49936,https://cdn.thingiverse.com/renders/4a/42/44/c9/e7/2013-10-08_13.44.10_preview_card.jpg,Bowers Assistive Fork,"AssistiveTech, aid, assistive, assistive device, assistive technology, disability, eating, fork, handle, holder, independence, mobility, occupational therapy, OT, pipe, utensil",,motor,"fork, spoon, knife",actuation-operation,
,,cutlery,general,1049502,https://www.thingiverse.com/thing:1049502,https://cdn.thingiverse.com/renders/52/64/db/c0/0d/eating_preview_card.jpg,EasyFork - Assistive Tech Challenge,"assistance, AssistiveTech, fork, helpful, kitchen, utensil",,motor,"fork, spoon, knife",actuation-operation,
,,cutlery,general,1692456,https://www.thingiverse.com/thing:1692456,https://cdn.thingiverse.com/renders/3c/30/d2/4c/6e/071003a9d1015b0972734afc7f7c5ca3_preview_card.jpg,Right Angel Utensil Holder,"angle, AssistiveTech, assistive technology, right",,motor,"fork, spoon, knife",actuation-operation,
,,cutlery,general,3765128,https://www.thingiverse.com/thing:3765128,https://cdn.thingiverse.com/assets/e7/0a/f8/19/3c/IMG_4247.jpg,Fork Holder,"AssistiveTech, assistive technology, cubiertos, fork, fork holder, hand, hand tools, ictus, lesin medular, occupational therapy, producto de apoyo, spinal cord injury, stroke, tenedor, terapia ocupacional",,motor,"fork, spoon, knife",actuation-operation,
,15,kitchen utensil,general,4314723,https://www.thingiverse.com/thing:4314723,https://cdn.thingiverse.com/assets/03/b3/59/03/86/card_preview_2020-04-26_17.08.23.jpg,Digitally molded T handle,assistive,,motor,"fork, spoon, knife",actuation-operation,
,,kitchen utensil,type:knife,16174,https://www.thingiverse.com/thing:16174,https://cdn.thingiverse.com/renders/7d/b4/41/d9/c4/IMG_20120118_103110_display_large_preview_card.jpg,Knife Assistant,"assistive device, kitchen, mobility, AssistiveTech, assistive technology, knife assistant",,safety,knife,constraint,
,16,scissors,general,2969607,https://www.thingiverse.com/thing:2969607,https://cdn.thingiverse.com/renders/a5/be/3d/3b/1c/7b3e2fb4a3936ec769df1da1691aee8d_preview_card.jpg,Push scissors,"assistive, assistive device, FablabShinagawa, fabOT, ictrehab",,motor,scissors,actuation-operation,
,17,shoes,general,1724591,https://www.thingiverse.com/thing:1724591,https://cdn.thingiverse.com/renders/5e/71/c0/ce/dc/1ab3a59ce625972d732ad4c78ccb5495_preview_card.jpg,shoe spoon / shoe horn,"shoe, shoe spoon, spoon",,motor,shoes,actuation-operation,
,,shoes,general,3322072,https://www.thingiverse.com/thing:3322072,https://cdn.thingiverse.com/renders/f9/7c/14/15/d2/85d3e76f3a70603646bcfb5b0b9de7ec_preview_card.jpg,Boot Lace Pull,"Boot, handle, lace, laces, pull, shoe, shoelace, shoelaces, Snowboard, snowboarding",,motor,shoes,actuation-operation,
,18,clothing,button,3021066,https://www.thingiverse.com/thing:3021066,https://cdn.thingiverse.com/renders/a6/8d/35/2d/3a/6adb6909946e636b2206745c67fc24b4_preview_card.jpg,Enfile-bouton / Button hook,"aid, AssistiveTech, assistive device, assistive technology, bouton, button, disability, disabled, handicap, Helper, helpful, holder, hook, medical, medical devices, pushbutton, support",,motor,"clothes, buttons",actuation-operation,
,19,socks,general,1094092,https://www.thingiverse.com/thing:1094092,https://cdn.thingiverse.com/renders/b8/b9/b2/22/50/Screenshot_2015-10-20_23.03.33_preview_card.jpg,Sockinator (Sock aid),AssistiveTech,,motor,socks,actuation-operation,
,20,nail clipper,general,2810056,https://www.thingiverse.com/thing:2810056,https://cdn.thingiverse.com/renders/2a/db/a1/c9/d4/0a727ac4d991c8f444c042843324fcd8_preview_card.jpg,Nail Clipper Holder,"3dprintable, 3Dprinted, access, accessibility, dexterity, disability, disabled, finger, hand, handle, nail, nail clip, nail clipper",,motor,nail_clipper,actuation-operation,
,,nail clipper,general,38739,https://www.thingiverse.com/thing:38739,https://cdn.thingiverse.com/renders/39/e5/76/ca/77/nail_clipper_03_preview_card.jpg,Nail Clipper Aid,"bathroom, fingernails, grooming, household, nail clipper, openscad, useful",,motor,nail_clipper,actuation-operation,one-hand tool
,,nail clipper,general,33815,https://www.thingiverse.com/thing:33815,https://cdn.thingiverse.com/renders/2b/b3/a6/c4/61/IMG_3900_preview_card.jpg,Nail Clipper for one hand,"accessibility, laser, laser cutter, nail clipper, self help devices",,motor,nail_clipper,actuation-operation,handle / 2 hand motion
,,nail clipper,general,3236371,https://www.thingiverse.com/thing:3236371,https://cdn.thingiverse.com/renders/5e/49/d0/81/40/c61f1852f37b1241d30ed1fed5df0165_preview_card.JPG,Flipper the clipper (Nailcutter for one hand),"assistive device, flipper, handicapped, helping hand, nail, nail clipper",,motor,nail_clipper,actuation-operation,
,,nail clipper,general,4211020,https://www.thingiverse.com/thing:4211020,https://cdn.thingiverse.com/assets/e4/16/6a/89/ae/card_preview_complete.jpg,Nail Clipper Holder for Toes,"assistive device, FabCareJapan, nail clipper",,motor,nail_clipper,actuation-operation,
,,nail clipper,general,5404760,https://www.thingiverse.com/thing:5404760,https://cdn.thingiverse.com/assets/22/6c/71/c5/d1/card_preview_NailCutterV2_02.jpg,Flipper the clipper V2.1 (Nail cutter V2.1 for one hand),"onehand, OneHanded",,motor,nail_clipper,actuation-operation,
,,nail clipper,general,1079916,https://www.thingiverse.com/thing:1079916,https://cdn.thingiverse.com/renders/c6/52/ac/78/c1/IMG_6965_preview_card.JPG,Adaptive Silverware Handle,,,motor,"fork, spoon, knife",actuation-operation,
,,nail clipper,general,2918330,https://www.thingiverse.com/thing:2918330,https://cdn.thingiverse.com/renders/d4/a7/a7/ec/f1/eb5f2e06402a0fe8f0849335af52e20a_preview_card.JPG,Nail cutter base,"assistive, assistive device, FablabShinagawa, fabOT, ictrehab, nail, nailcutter",,motor,nail_clipper,actuation-operation,
,20,"book, document",general,2105202,https://www.thingiverse.com/thing:2105202,https://cdn.thingiverse.com/renders/b5/e8/5e/f4/f4/ca5c0f7dc6065bcd26df3c64e9a6a194_preview_card.jpg,One Hand Book Holder cnc/laser,"book, book holder, clip, cnc, CNC Router, cool, lasercut, reader, reading, useful, utility, ZenziWerken",,motor,book,constraint,
,,"book, document",general,2752344,https://www.thingiverse.com/thing:2752344,https://cdn.thingiverse.com/renders/80/52/d5/a5/d2/7f1956e71e7bbcc3d45373ebc0f1832f_preview_card.jpg,Thumb book holder,"bookmark, holder, reading",,motor,book,constraint,
,,"book, document",type:document,3192347,https://www.thingiverse.com/thing:3192347,https://cdn.thingiverse.com/renders/fb/19/48/2d/41/a7901339125d3c942fa8403f8dc72285_preview_card.jpg,Signature Guide,"3dprintable, 3dprinting, access, accessibility, assistive, AssistiveTech, assistive device, assistive technology, disabil, disabled, guide, hand, signature, template, Writing, Writing Aid, writing guide",,cue,document,indication-tactile,
,,"book, document",general,3260322,https://www.thingiverse.com/thing:3260322,https://cdn.thingiverse.com/renders/b0/6c/ac/e7/f4/6d4af429f905476b0859714374521f01_preview_card.jpg,Read&Write Guide,"assistive, fabOT",,cue,document,indication-tactile,
,21,toothpaste,general,867811,https://www.thingiverse.com/thing:867811,https://cdn.thingiverse.com/renders/36/e0/e8/e0/7d/Toothpaste_Squeezer_preview_card.jpg,Simple Toothpaste Squeezer,"toothpaste, toothpaste squeezer",,motor,toothpaste,actuation-operation,
,,toothpaste,general,49263,https://www.thingiverse.com/thing:49263,https://cdn.thingiverse.com/renders/31/a7/ca/91/75/photo_2_preview_card.jpg,Paste Pusher Animals,"featured, household, paste pusher, supportless, toothpaste, tooth paste, tube, ultimaker, useful",,motor,toothpaste,actuation-operation,
,,toothpaste,general,1261318,https://www.thingiverse.com/thing:1261318,https://cdn.thingiverse.com/renders/8c/53/8e/8e/a0/72a2c10db146457a7e931d0cc6a3ea99_preview_card.JPG,Toothpaste Squeezer,"acessories, bathroom, roller, squeezer, toothpaste, toothpaste squeezer, tube",,power,toothpaste,actuation-operation,
,,toothpaste,general,3413829,https://www.thingiverse.com/thing:3413829,https://cdn.thingiverse.com/renders/9d/fd/c3/8b/7a/f953a6ce21bfeca485d0a75e1ca56b6e_preview_card.JPG,Toothbrush Toothpaste Aid,,,power,toothbrush,actuation-operation,
,22,toothbrush,general,1936150,https://www.thingiverse.com/thing:1936150,https://cdn.thingiverse.com/renders/24/11/2c/1a/ab/140389a628037c8311b6556f47c55056_preview_card.jpg,Affordable Prosthetic for people without Fingers,"accessibility, AssistiveTech, assistive technology, cup holder, disability, disabled, hand, hand tools, pen, pencil holder, pen holder, RemixChallenge, typing",,motor,toothbrush,actuation-operation,"similar shaped object but different motions from those of pen, cutlery"
,,toothbrush,general,3413829,https://www.thingiverse.com/thing:3413829,https://cdn.thingiverse.com/renders/9d/fd/c3/8b/7a/f953a6ce21bfeca485d0a75e1ca56b6e_preview_card.JPG,Toothbrush Toothpaste Aid,,,motor,toothbrush,actuation-operation,
,,toothbrush,type:electronic,3882190,https://www.thingiverse.com/thing:3882190,https://cdn.thingiverse.com/assets/b3/dd/5b/24/82/card_preview_20190822_071600.jpg,Lever for Pressing Buttons,"accessibility, assistive, assistive device, Assistive devices, assistive tech, assistive technology, disabilities, disability, Disability aid, disabled, enabl3d, handicap device, handicapped, shaver, toothbrush, trimmer, wheelchair",,motor,toothbrush_electronic,actuation-operation,
,23,clock,general,2381829,https://www.thingiverse.com/thing:2381829,https://cdn.thingiverse.com/renders/f7/65/36/f6/f5/e2ee90f1815fb84ef7436b9a3b826fd6_preview_card.JPG,3D Printed Numechron Clock,"clock, mechanism",,cue,clock,"indication-visual, indication-tactile",
,,clock,general,4665793,https://www.thingiverse.com/thing:4665793,https://cdn.thingiverse.com/assets/e5/a1/ca/42/e2/card_preview_touch_clock2.touch.jpg,touch clock2,"assistive, visually impaired",,tactile feedback,clock,indication-tactile,
,,clock,general,4648789,https://www.thingiverse.com/thing:4648789,https://cdn.thingiverse.com/assets/cc/1b/c2/40/e8/card_preview_tehe.jpg,Touch clock,"assistive, visually impaired",,tactile feedback,clock,indication-tactile,
,24,key,general,3805863,https://www.thingiverse.com/thing:3805863,https://cdn.thingiverse.com/renders/52/35/39/7e/ae/ebf46dcc2d68b34c69cbb8fe63b0b314_preview_card.JPG,"Knauf für Schlüssel, Knob for key","assistive, closet, Drehknauf, drehknopf, key, knauf, knob",,motor,key,actuation-operation,
"there are a lot more similar items like this, e.g., https://www.thingiverse.com/thing:2802082",,key,general,1852950,https://www.thingiverse.com/thing:1852950,https://cdn.thingiverse.com/renders/11/e3/d6/0e/af/7499a32917cd2f6b8e4d359a1cb0ecd3_preview_card.jpg,Open Assistive Technology - Key Turner,"3dprintable, 3dprinting, accessibility, AssistiveTech, assistive device, assistive technology, disability, disabled, hand, handle, holder, medical, useful",,motor,key,actuation-operation,
,,key,general,4903192,https://www.thingiverse.com/thing:4903192,https://cdn.thingiverse.com/assets/af/bf/cb/1e/6c/card_preview_OvalHandle2.jpg,Key turner with lever handle,"arthritis, AssistiveTech, disability, Disability aid, key, key handle, key turner, tendonitis",,motor,key,actuation-operation,
,25,wall,general,2982612,https://www.thingiverse.com/thing:2982612,https://cdn.thingiverse.com/renders/e3/cf/e5/f8/22/9a79ae4353091b5e7fd5090856cc6933_preview_card.jpg,Conspicious corner guard,"assistive, assistive device, FablabShinagawa, fabOT, ictrehab",,motor,corner,constraint,